"Response number","(Altura estudiante) Altura de la persona (estudiante del curso) en cm","(sexo) Sexo biológico de la persona","(Altura padre) Altura padre en cm","(Altura madre) Altura madre en cm"
1,175,Masculino,185,165
2,176,Masculino,175,154
3,177,Masculino,180,171
4,170,,175,180
5,184,Masculino,183,165
6,173,Masculino,173,163
7,174,Masculino,179,165
8,174,Masculino,172,168
9,176,Masculino,174,166
10,184,Masculino,184,173
11,179,Masculino,180,158
12,158,Femenino,179,160
13,180,Masculino,178,158
14,185,Masculino,186,172
15,172,Masculino,170,160
16,170,Masculino,187,158
17,175,Masculino,178,160
18,176,Masculino,177,163
19,179,Masculino,179,165
20,181,Masculino,169,170
21,182,Masculino,188,169
22,174,Masculino,170,165
23,182,Masculino,182,170
24,160,Femenino,175,163
25,178,Masculino,173,158
26,182,Masculino,180,162
27,180,Masculino,170,165
28,186,Masculino,185,160
29,188,Masculino,180,175
30,181,Masculino,184,156
31,180,Masculino,170,167
32,177,Masculino,162,160
33,173,Masculino,175,165
34,165,Femenino,186,172
35,160,Femenino,158,163
36,,Masculino,169,155
37,179,Masculino,177,155
38,179,Masculino,182,161
39,177,Femenino,198,166
40,163,Femenino,193,168
41,182,Masculino,188,159
42,187,Masculino,175,169
43,157,Femenino,175,165
44,180,Masculino,181,162
45,190,Masculino,182,170
